category,name,title,description,creator,youtube_url,template_url,date_posted,resource_url,id
Content Creation & Video Automation,Viral ASMR Shorts,This AI System Posts Viral ASMR Shorts Hourly (free template),"A fully automated system using n8n integrates Google V3's text-to-video AI to generate ASMR glass-cutting fruit videos. It employs an idea agent with a structured output parser to select unique subjects and a prompt agent to create cinematic, detailed video prompts. The workflow leverages foul API for video generation, Google Sheets for rotating recent items, and Botato for auto-posting on YouTube, Instagram, and TikTok. Created by Nate Herk, the free template is available via his Skool community.",Nate Herk | AI Automation,https://www.youtube.com/watch?v=RvuPRX-b7Lc,https://drive.google.com/file/d/1iyeZv71q308XlZXzxIKyNvnAd_CKoO9I/view?usp=drive_link,2025-06-22T13:52:16.000Z,https://www.skool.com/ai-automation-society/new-video-this-ai-system-posts-viral-asmr-shorts-hourly-free-template,RvuPRX-b7Lc
Business Process Automation,Client Onboarding System,I Built an AI System that Onboards Clients in 30 Seconds (Free n8n Template),"This system automates new client onboarding via a form-triggered workflow. It creates client folders in Google Drive, sets up project lists and tasks in ClickUp, and configures a dedicated Slack channel with personalized welcome messages. An AI agent parses proposal and scoping documents to extract actionable tasks with due dates. The integration leverages APIs for Google Drive, ClickUp, Slack, and Gmail. Creator: Nolan Harper.",Nolan Harper | Ai Automation,https://www.youtube.com/watch?v=gXKzEt1ZG38,https://drive.google.com/file/d/1jGUC5vcD2W0cOhtIfDwLGdMtMw4OuROY/view?usp=drive_link,2025-06-21T17:07:33.000Z,https://www.skool.com/ai-automation-vault/classroom/69b7bb57?md=5538a9df70084be1a59177e684e448a9,gXKzEt1ZG38
AI Agent Development,AI Agent Team Builder,I Built an AI Agent that Builds Entire Teams of AI Agents in n8n (free template),"This workflow is a no-code system built by Nate Herk that uses an AI agent to generate complete JSON-based automation flows on demand. It integrates Slack triggers, Gmail, Calendar, and Google Sheets for logging, using Anthropic's Claude Opus 4 for natural language processing and output generation. The system provides detailed configuration via sticky notes, API integration, and a step-by-step setup guide, making it ideal for rapidly deploying custom automations.",Nate Herk | AI Automation,https://www.youtube.com/watch?v=Ik8OHT3w4pE,https://drive.google.com/file/d/1YidfszPBryjmb2nC1Eeig94X187bnYmq/view?usp=drive_link,2025-06-18T13:40:32.000Z,https://www.skool.com/ai-automation-society/new-video-i-built-an-ai-agent-that-builds-entire-teams-of-ai-agents-in-n8n-free-template,Ik8OHT3w4pE
Marketing & Advertising Automation,FB Ad Spy Tool,Build A Facebook Ad Spy Tool With N8N (Sell for $2k+),"This system is a fully automated Facebook Ads Scraper and Analyzer built on n8n by Nick Saraev. It uses Appify to scrape Facebook's Ad Library and categorizes ads into video, image, and text types. The workflow integrates OpenAI's GPT-4.5 for rewriting ad copy, Gemini API for video analysis, and stores data in Google Sheets. Intelligent filtering and dynamic routing ensure accurate ad analysis. A free template is provided via Gumroad.",Nick Saraev,https://www.youtube.com/watch?v=0PJNiDuihBg,https://drive.google.com/file/d/1whrqvO_wTk_NFhufCd3oqD0ZiSk9kaWI/view?usp=drive_link,2025-06-18T05:30:00.000Z,https://leftclicker.gumroad.com/l/hxtpe,0PJNiDuihBg
Data Processing & Analysis,AI Video Analysis,The Simplest Setup for FREE AI Video Analysis (n8n + Google Gemini),"This video demonstrates a fully automated workflow that uses a no-code engine to perform video analysis via Google Gemini. The system supports both local file uploads and YouTube URLs, employing polling to monitor the status of the video processing. It covers technical details such as setting up Google API credentials, configuring HTTP requests with header parameters, handling binary video data, and prompting Gemini for detailed analysis (e.g., summarization, insight extraction). The template is provided free through Nate Herk's Skool community.",Nate Herk | AI Automation,https://www.youtube.com/watch?v=acB2o6nwAn8,https://drive.google.com/file/d/1UYTwp5P0zyz-kpZrQ6vlVH36d-zkPZSM/view?usp=drive_link,2025-06-12T15:38:50.000Z,https://www.skool.com/ai-automation-society/new-video-the-simplest-setup-for-free-ai-video-analysis-n8n-google-gemini,acB2o6nwAn8
Content Creation & Video Automation,Viral AI Videos,Generate VIRAL AI Videos Using Veo 3 in N8N! (No Code - Free Template),"Creator Mahmut Kasimoglu demonstrates an advanced workflow system that automates viral AI video generation. The setup uses a manual trigger, Google Sheets for data retrieval, and an AI prompt agent to craft cinematic scripts. It integrates HTTP requests to FAL AI's V3 model and employs Google's flow tool for free video output via a looping status-check. The free template can be accessed via his Free Skool Community.",Mahmut Kasimoglu | AI Automation,https://www.youtube.com/watch?v=axBR8S7AepQ,https://drive.google.com/file/d/1N6CHyusk8ucayPuJswGlcpp7Rf2xe9dR/view?usp=drive_link,2025-06-12T14:42:57.000Z,https://www.skool.com/business-ai-alliance/generate-viral-ai-videos-using-veo-3-in-n8n-no-code-free-template,axBR8S7AepQ
Design & Creative Automation,Graphic Design AI Agent,Watch Me Build a Graphic Design AI Agent Team That Works 24/7 (n8n),"In this comprehensive live build, Nick Saraev demonstrates a graphic design AI agent system developed in n8n. The workflow leverages OpenAI's GPT Image 1 for automated logo, style guide, and gradient background generation, integrating Google Drive for file uploads and sharing, and using Replicate API for upscaling and revisions. With HTTP requests, iterative sub-workflows, and dynamic agent logic, this system refines visual assets in real-time. A free template is offered via Maker School.",Nick Saraev,https://www.youtube.com/watch?v=DrqR7a7lmBE,https://drive.google.com/file/d/1zVQCaCBccYJWNTAoSsuLUCaeGN8CRYcL/view?usp=drive_link  https://drive.google.com/file/d/1qLal1xQDZPgUKe2ojKqEa8AiI5S5D6M2/view?usp=drive_link  https://drive.google.com/file/d/1Rt6fUSjNZtWYESJSZHkfw5TeRUwOyAIz/view?usp=drive_link  https://drive.google.com/file/d/1fkqt-ec9CIAWGxtwNy31OGueAGEuA6kF/view?usp=drive_link  https://drive.google.com/file/d/16wtHAysAuS7rN76hTm5kSifMedZ0i_Mf/view?usp=drive_link ,2025-06-12T05:30:16.000Z,https://gumroad.com/d/41d2d2bdb3edf261fe9530ed67f0e9c1,DrqR7a7lmBE
Technical Infrastructure & DevOps,Local AI Agent Workflow,The Ultimate Guide to Local AI and AI Agents (The Future is Here),"Cole Medin's masterclass details how to build a local AI system featuring an n8n workflow agent. The video covers setting up open‐source components such as Olama, Superbase, CRXNG, and Open Web UI to create a private, offline AI solution. It explains LLM configuration, quantization, Docker containerization, and cloud deployment while providing a free n8n agent JSON template for easy import.",Cole Medin,https://www.youtube.com/watch?v=mNcXue7X8H0,https://drive.google.com/file/d/1amYKoQv0mqN_Jhe9bxEhqJSiU7A_Vw7J/view?usp=drive_link  https://drive.google.com/file/d/1iKSmt_tyavpEvit0fIQQQ2V_RLvmZWPg/view?usp=drive_link  https://drive.google.com/file/d/1Q95VtcuCRdOfsLmvpoXvlNo-PKj39oAR/view?usp=drive_link  https://drive.google.com/file/d/1d2bixc0qdq97bj3vFsKSXj7dlYFI_ArE/view?usp=drive_link  https://drive.google.com/file/d/1O-N2NridLujr_PH0tWlYyLaAIbTsERj7/view?usp=drive_link  https://drive.google.com/file/d/14aBnJ_yZWlzU25dC1VpnWR23DLNr1g8A/view?usp=drive_link  https://drive.google.com/file/d/1XypTaRApkT1FMLQqH9vXsz5j-9wkw-Fg/view?usp=drive_link  https://drive.google.com/file/d/1AGAIa55ot77KF_5Z3hMY5By4ziSKrQGG/view?usp=drive_link  https://drive.google.com/file/d/1JJ78kPhPJ_tP8zqChWHEnhq13K65nhwc/view?usp=drive_link  https://drive.google.com/file/d/1Xu9Egek6OYsIOcONMipJDhIZOKpkyqF5/view?usp=drive_link  https://drive.google.com/file/d/1UV5KPK-3N9eHEyROEBujeYd76imhkz-0/view?usp=drive_link  https://drive.google.com/file/d/1C9kQNI7dzyAFAe22uggted99xnNbb-0k/view?usp=drive_link  https://drive.google.com/file/d/14QMXz8WS3y_pvEC2h_iBiAL_HP_J7aV1/view?usp=drive_link  https://drive.google.com/file/d/1J3XIipadoaP26R75CJThe_TGVmmznwro/view?usp=drive_link https://drive.google.com/file/d/1EnYajiXsJqLj7Z5mrGH5gLgyEiH2wRma/view?usp=drive_link https://drive.google.com/file/d/15e7FTAwSaE4gQug90E2upjDv2enDI1Os/view?usp=drive_link https://drive.google.com/file/d/1Se-uu6ah8Xa5S9WOWem0ReenczBie54x/view?usp=drive_link https://drive.google.com/file/d/1ZzWw-472tlQjjaMYFVcVq0FGlJAfkK_8/view?usp=drive_link https://drive.google.com/file/d/1FPzQIUIPmDtzxAc4KYSQ4eGfDYqvX_rI/view?usp=drive_link https://drive.google.com/file/d/1xbH16wLu3vE83wKbIqkMpn6-2VaJrmzv/view?usp=drive_link https://drive.google.com/file/d/1-bnYywrZX40Axq5riiT90AvEquGzXJT0/view?usp=drive_link https://drive.google.com/file/d/1D1ZY7PkcLM85k67wYWMpYv_ONao-PW8z/view?usp=drive_link,2025-06-12T00:43:54.000Z,https://github.com/coleam00/ottomator-agents/tree/main/python-local-ai-agent,mNcXue7X8H0
AI Agent Development,Multi-Agent Orchestrator,"Multi-Agent Systems Have NEVER Been EASIER to Build (n8n, no code)","In this detailed demonstration, Nate Herk shows how to build a multi-agent orchestrator system using n8n's visual drag-and-drop interface. The workflow breaks down a complex task into specialized sub-agents (email, contacts, calendar, content creation) that communicate via sub-workflows, enabling robust task delegation. Key components include integration with Gmail, Airtable, and model selection (GPT-4.1 mini, Flash), all configured in n8n to provide a reusable, modular AI automation system.",Nate Herk | AI Automation,https://www.youtube.com/watch?v=0iUNOmeU7O4,https://drive.google.com/file/d/1fl1KfmH2DaQihE9-xTlQ52hoJ4CcPkzs/view?usp=drive_link,2025-06-10T17:59:27.000Z,https://www.skool.com/ai-automation-society/new-video-multi-agent-systems-have-never-been-easier-to-build-n8n-no-code,0iUNOmeU7O4
AI Agent Development,Browser Agent,I Built the Ultimate Browser Agent with No Code (n8n + Airtop),"This system is a no-code browser agent that automates remote browser interactions using Airtop and OpenRouter. It leverages a workflow setup with tools to start browser sessions, load URLs, query DOM elements, perform click & type actions, and end sessions, mimicking human behavior. The agent can handle tasks such as scraping, interacting with authenticated websites, and executing dynamic searches. Created by Nate Herk, the setup includes a free JSON template available via his Skool community.",Nate Herk | AI Automation,https://www.youtube.com/watch?v=ar37oypyATQ,https://drive.google.com/file/d/1tPjnN9OmaaFDN3NOn7jduYqqTOR83nEH/view?usp=drive_link,2025-06-08T23:19:09.000Z,https://www.skool.com/ai-automation-society/new-video-i-built-the-ultimate-browser-agent-with-no-code-n8n-airtop,ar37oypyATQ,Web Scraping & Data Extraction
Web Scraping & Data Extraction,ChatGPT Image Workflow,Connect ChatGPTs New Image Model to n8n (Step-By-Step),"This system integrates OpenAI's latest image generation model with an n8n workflow that programmatically creates and merges images. The blueprint demonstrates two concrete use cases: generating a standalone image from API responses and combining two images (fetched from Google Drive) into one output via aggregators and HTTP request nodes. It covers Base64 conversion, prompt customization, and API key setup. Developed by Jono Catliff.",Jono Catliff,https://www.youtube.com/watch?v=nGNm4IBZpGg,https://drive.google.com/file/d/1jd3WdfHF1S7d5X53Iwru_T7wFzmrcXtk/view?usp=drive_link,2025-06-07T19:21:36.000Z,https://gumroad.com/d/70f2b9b55e7ea30d94fd051c3ef5be10,nGNm4IBZpGg
Marketing & Advertising Automation,Real-Time Insights System,This AI Agent INSTANTLY Pulls Real-Time Insights from X (Bolt + n8n Setup),"Mark Kashef demonstrates an end-to-end automated solution that extracts real-time insights from X. This system integrates Bolt.new for the front-end interface, Supabase for backend edge functions, and a dedicated n8n workflow powered by Grok's Live Search API. It features detailed cURL API integrations, custom prompt engineering for a Pulse agent to route queries, and mechanisms to overcome CORS issues, all available via a free Gumroad template.",Mark Kashef,https://www.youtube.com/watch?v=7NIN0KNcVdM,https://drive.google.com/file/d/1PpM0qBBIAMXdWg1-dZbzMzHa2tehbUgw/view?usp=drive_link,2025-06-06T18:00:07.000Z,https://gumroad.com/d/c40e4086cf2bf0ff3bd9296e72ab5f58,7NIN0KNcVdM
Marketing & Advertising Automation,Prompt Accuracy Flow,Stop Hallucinations: Perfect Your n8n Prompts for Consistent Output,"This system focuses on ensuring consistent, accurate, and reliable outputs from AI agents by optimizing prompt-engineering parameters. It details techniques such as precise temperature control, self-consistency, step-back prompting, and JSON structured output, all of which safeguard multi-step processes. The system is demonstrated with hands-on examples and a free template download, helping users automate error checking and logging within their workflows. Created by MagicOps AI.",MagicOps AI,https://www.youtube.com/watch?v=1uDXVb7zp0Q,https://drive.google.com/file/d/172WmX3aishmCiM_c_vx0PfGBzH9Z48Vh/view?usp=drive_link,2025-06-05T13:00:03.000Z,https://gumroad.com/d/b9b99b2061b64ab34b112beeb9f009a8,1uDXVb7zp0Q
Marketing & Advertising Automation,SMS AI Agent,How to set-up and build an SMS Ai Agent (free template),"In this system, Rory Ridgers demonstrates a workflow that builds an SMS-based AI agent using n8n. The solution integrates Twilio for SMS messaging, setting up a webhook to trigger the flow, and uses Google Sheets for temporary message buffering and context accumulation. The workflow incorporates wait nodes, code blocks, and Gmail API nodes for sending and receiving emails. A free template is available to replicate this specific SMS AI agent system.",Rory Ridgers,https://www.youtube.com/watch?v=_igpx9vXYvA,https://drive.google.com/file/d/1_FgNxEA1lw6tNcMgK8y7BLNmrsgtlvbf/view?usp=drive_link,2025-06-05T11:01:06.000Z,https://commonous.com/templates/3b6ee26a-03e9-4f64-9ffd-5c245a9d39b1,_igpx9vXYvA
Marketing & Advertising Automation,SEO Audit Webapp,Build Web Apps with Firebase Studio + n8n In 30 Mins (Beginner's Guide),"This system builds a SEO audit web application using Firebase Studio and a free workflow that leverages webhooks to trigger an Appify-powered audit. The setup incorporates HTTP request modules, chat agents for grouping and formatting data, and an aggregator to merge SEO metrics from multiple pages into a dynamic dashboard. Created by Jono Catliff, the blueprint is available free via the provided Gumroad link.",Jono Catliff,https://www.youtube.com/watch?v=MCRF1914Fxs,https://drive.google.com/file/d/1KpjLcnmTArk39AAkGDw25QWECoMHEWB9/view?usp=drive_link,2025-06-04T23:15:32.000Z,https://gumroad.com/d/6f9fed8f6d7cc6f269dff030a2d463ea,MCRF1914Fxs
Marketing & Advertising Automation,Web Scraper Agent,This AI Agent Can Scrape and Screenshot the Web with No Code (n8n tutorial),"In this tutorial, Nate Herk demonstrates a no-code n8n workflow that leverages Firecrawl's powerful search API to perform precise web scraping and full-page screenshots. The system integrates advanced query operators, including site filtering and keyword exclusion, via HTTP request nodes, and supports multiple output formats such as markdown, HTML, JSON, and full-page screenshots. Detailed steps for setting up API authentication using bearer tokens are provided. A free JSON template for this n8n workflow is available through the free Skool community resource.",Nate Herk | AI Automation,https://www.youtube.com/watch?v=3Pim6uCASSE,https://drive.google.com/file/d/1klYxj1CZI2sLFT_li6sUEJUESn4KIgSi/view?usp=drive_link,2025-06-03T13:30:22.000Z,https://www.skool.com/ai-automation-society/new-video-this-ai-agent-can-scrape-and-screenshot-the-web-with-no-code-n8n-tutorial,3Pim6uCASSE
Marketing & Advertising Automation,YouTube Growth Automation,How I 14x'd My YouTube Channel in 7 Days (AI + n8n Workflow Breakdown),"This workflow system automates YouTube channel growth by researching trending videos, filtering by views and recency, and then generating improved video metadata. It combines a form trigger, HTTP requests to a YouTube scraper and transcript API, Google Sheets for data management, and OpenAI nodes for thumbnail analysis and title/outline generation. Built entirely in n8n, creator Nolan Harper shares his free template from the AI Automation Vault to help you replicate the success.",Nolan Harper | Ai Automation,https://www.youtube.com/watch?v=t6iPH93krzY,https://drive.google.com/file/d/1aX49kZzkWZDXayl7uzMmtSfNNOw7J2fk/view?usp=drive_link,2025-05-30T14:38:24.000Z,https://www.skool.com/ai-automation-vault/classroom/69b7bb57?md=c0857de2eb1c474891084ee6dd75eee4,t6iPH93krzY
Marketing & Advertising Automation,Lead Qualifier System,This Ai Phone Agent qualifies leads on Autopilot (free template),"This workflow ingests new lead submissions via a web form and automates end-to-end qualification. The system scrapes the lead's website, converts HTML to markdown, and uses the Tavly API to fetch LinkedIn data which is then summarized using an LLM. The consolidated lead details are stored in an AirTable CRM before a Vapi-powered AI phone agent calls the lead to qualify them and schedule meetings via Google Calendar. Created and demonstrated by Rory Ridgers, the free template is included.",Rory Ridgers,https://www.youtube.com/watch?v=oU8K3i5KqEc,https://drive.google.com/file/d/1KQpLyRi9HymVoAaI0Pu8beaUZymDybYk/view?usp=drive_link https://drive.google.com/file/d/1kDrPhkIet9UZHxxbDp5CskVcHKP1rJK4/view?usp=drive_link https://drive.google.com/file/d/1DIIb0jkXCJ3L1idDtRt4vfsAnFvv4leq/view?usp=drive_link,2025-05-30T11:01:32.000Z,https://commonous.com/templates/02c02f9e-2431-4cd3-8fc8-c0db57d007fd,oU8K3i5KqEc
Marketing & Advertising Automation,Google Workspace Setup,"Set Up Google Credentials In n8n In 5 Mins (Gmail, Drive, Sheets & More)","This workflow demonstrates a comprehensive integration of Google Workspace services including Gmail, Drive, Sheets, Docs, Calendar, and Slides through an automation platform. The video meticulously covers configuration in the Google Cloud Console, API enablement, OAuth consent setup, and creation of web application credentials using redirect URIs. Led by Jono Catliff, it provides a free, step-by-step blueprint template for securely connecting and automating Google APIs.",Jono Catliff,https://www.youtube.com/watch?v=H1Kt1adcr84,https://drive.google.com/file/d/1KEGYRGnI2mNleanuyZqkNR5EFbAwo1fU/view?usp=drive_link,2025-05-27T19:22:10.000Z,https://gumroad.com/d/a71bb0980b641518b5cee89352919978,H1Kt1adcr84
Marketing & Advertising Automation,Viral Baby Videos,I Built an AI SYSTEM For Viral Baby Videos (n8n),"This system automates the creation and posting of viral baby videos using an AI-driven workflow. It integrates Google Sheets as a database for tracking ideas and video statuses, leverages OpenAI for text and image generation, and utilizes 11 Labs for high-quality audio synthesis. The system employs headro.com for video rendering and sync, and it uploads finished videos to Google Drive and YouTube. Detailed node setups, HTTP requests, and API credential configurations are explained by Oleg Melnikov, the creator, in this comprehensive tutorial.",Oleg Melnikov,https://www.youtube.com/watch?v=Q7pJcZAPuGc,https://drive.google.com/file/d/1WVWf24E8ZLLMYWJ1BPqRQarLC1htfQS7/view?usp=drive_link,2025-05-27T18:36:55.000Z,https://drive.google.com/file/d/1emo78XoIxTlT2x4m0wMLv4S4NvVqiIIK/view,Q7pJcZAPuGc
Marketing & Advertising Automation,Faceless Video Maker,Create Faceless YouTube Videos on Autopilot with AI + n8n (steal this),"This n8n workflow automates faceless YouTube video creation by triggering from Google Sheets via a webhook and using AI agents for script generation (Anthropic), image creation (OpenAI), video merging (Credomat, RunwayML, and Replicate for captions), and audio synthesis (11 Labs). It breaks a video into dynamic scenes and automates the entire production process. Created by Jono Catliff, the blueprint is available for free.",Jono Catliff,https://www.youtube.com/watch?v=MjZSsasHSq8,https://drive.google.com/file/d/1_rNeNA-OiXTdB_VoK5LYoWRN05FOwdf1/view?usp=drive_link,2025-05-22T18:41:30.000Z,https://gumroad.com/d/ebe1eb228a7af6b580533c1959855c52,MjZSsasHSq8
Marketing & Advertising Automation,AI Clone Avatar System,Create Your No Code AI Clone (HeyGen + n8n Full Guide),"This system automates AI clone video creation by integrating HeyGen's API in a no-code workflow. It uses HTTP request nodes for API authentication, dynamically pulls avatar and voice IDs, and implements polling loops with wait steps to check video status. The system processes scripted text inputs to trigger personalized video generation, ensuring error handling and smooth automation. Created by Nate Herk, it comes with a free template available via the community.",Nate Herk | AI Automation,https://www.youtube.com/watch?v=llm60n03x3c,https://drive.google.com/file/d/1Uu0LdyybOcLnDIT4hLG1HA-nVleaZkJf/view?usp=drive_link,2025-05-20T13:59:47.000Z,https://www.skool.com/ai-automation-society/new-video-how-to-automate-your-ai-clone-with-no-code-heygen-n8n-full-guide,llm60n03x3c
Marketing & Advertising Automation,Meeting No-show Eliminator,Slash no-shows with this Ai Agent (free template),"In this video, Rory Ridgers presents a complete automated workflow system that tackles the problem of meeting no-shows. The system is built using n8n and integrates a cow.com trigger, web scraping with HTML-to-markdown conversion, an AI agent for summarizing website and LinkedIn data via Tavly, and CRM updates in Airtable. It also uses Twilio for SMS notifications, Gmail for approval-based emails, and Google Calendar for event management. The free template is available to jumpstart your setup.",Rory Ridgers,https://www.youtube.com/watch?v=1kZzPslvbXg,https://drive.google.com/file/d/1vriUXwdVDod16jFjefSJo3A61olAQpo-/view?usp=drive_link,2025-05-20T11:00:05.000Z,https://commonous.com/templates/6cf9b2b2-5922-42c5-918b-cfa67d3c3df6,1kZzPslvbXg
Marketing & Advertising Automation,Viral Shorts Machine,I Built a 24/7 Viral Shorts Machine with No-Code (free n8n template),"This system is an automated content creation workflow that transforms a simple Google Sheet entry into high-quality viral social media shorts. It integrates multiple AI services including FAL's Flux for image generation, Cling for video creation, ElevenLabs for audio synthesis, and Creatomate for stitching media together. Blotato is used for auto-posting to Instagram, TikTok, and YouTube. Built by Nate Herk, the workflow runs entirely on no-code principles and comes with a free template download via his Skool community.",Nate Herk | AI Automation,https://www.youtube.com/watch?v=BcfjIBd49C8,https://drive.google.com/file/d/1-znRsMWmFUFbr1lFUjLGr42azzMlxPEz/view?usp=drive_link,2025-05-19T01:24:51.000Z,https://www.skool.com/ai-automation-society/new-video-i-built-a-247-viral-shorts-machine,BcfjIBd49C8
Marketing & Advertising Automation,Voice AI Receptionist,This Vapi AI Voice Agent Automates Your Calls (steal this),"In this detailed workflow by Jono Catliff, a voice AI receptionist is built using Vapi and integrated with an n8n automation system. The system leverages Twilio for phone number management and real-time call handling, while also automating invoicing via Go High Level and managing appointment scheduling. The blueprint provides JSON-based parameter formatting and tool coordination, all available for free.",Jono Catliff,https://www.youtube.com/watch?v=XeyrdkFhh_U,https://drive.google.com/file/d/18zq0uteI3AbyhZuq7SuXbrWslGmnPAMu/view?usp=drive_link  https://drive.google.com/file/d/1X01k1Ct6l96z51A8bvJOv_ox4rgCZh3W/view?usp=drive_link ,2025-05-16T17:54:25.000Z,https://gumroad.com/d/33b6ed834df46074276a3f4a8cbb7d72,XeyrdkFhh_U
Marketing & Advertising Automation,AI Copywriter Team,I Built a Team of AI Copywriters in n8n With No Code (Free Template),"This video demonstrates a sophisticated no-code automation system that creates a team of AI copywriters for generating cold emails, VSL scripts, sales letters, and more. The workflow uses n8n to trigger specialized AI agents via OpenAI nodes with detailed context instructions, JSON queries, and assistant setups, while routing outputs to Google Docs. Creator Nolan Harper explains each step and provides a free template via his AI Automation Vault.",Nolan Harper | Ai Automation,https://www.youtube.com/watch?v=GoDmjHs7o-M,https://drive.google.com/file/d/1uEXNL2JtSe8iVkGhZ4tHWFZQUJ3IkfsV/view?usp=drive_link  https://drive.google.com/file/d/1TR72fSRmRKm9b710pKQ2tNC7EwA9K_Ac/view?usp=drive_link ,2025-05-16T16:06:38.000Z,https://www.skool.com/ai-automation-vault/classroom/69b7bb57?md=b70cf2961eff4f8faf437d0bf168ad3c,GoDmjHs7o-M
Marketing & Advertising Automation,Scraping Automation,The Simplest Way to Automate Scraping Anything with No Code (Apify + n8n tutorial),"This system is a no-code data scraping workflow that links Apify's pre-built actors with an n8n automation setup. In the tutorial, Nate Herk demonstrates how to trigger an Apify actor via HTTP endpoints, incorporate a wait step to ensure complete data retrieval, and use polling techniques to systematically capture results such as TikTok video data and Google Maps leads. The walkthrough details API integration and asynchronous processing, and it comes with a free template available via his Skool community.",Nate Herk | AI Automation,https://www.youtube.com/watch?v=gZ_RLC25gCw,https://drive.google.com/file/d/14es-gxH7oZykRPnrgbdEeIK-ECCcY5Xa/view?usp=drive_link,2025-05-16T15:23:10.000Z,https://www.skool.com/ai-automation-society/new-video-the-simplest-way-to-automate-scraping-anything-with-no-code-apify-n8n-tutorial,gZ_RLC25gCw
Marketing & Advertising Automation,Viral LinkedIn Posts,I Built an AI SYSTEM For Viral LinkedIn Posts (n8n),"This system automates the creation and publishing of viral social media posts on LinkedIn (with extensions for Instagram and Twitter) using an AI workflow. It integrates web research via Perplexity AI, quality text generation via Anthropic, and image creation with OpenAI Image API while ensuring visual consistency through reference images stored in Google Drive. Google Sheets hold the database of post ideas and statuses, while scheduled triggers auto-publish posts via LinkedIn nodes. Created by Oleg Melnikov, the system is demonstrated in a comprehensive, beginner-friendly tutorial and includes a free template for easy setup.",Oleg Melnikov,https://www.youtube.com/watch?v=YpXzTSZ6csw,https://drive.google.com/file/d/1rWO0ZJ76Sa2hmrXQVQY58n4IaM0e884f/view?usp=drive_link,2025-05-16T13:17:35.000Z,https://docs.google.com/document/d/1McFd2R8OcxAz1ymIiK5v5JEQSdOWucGtPXSl4vZTxV0/edit?tab=t.0,YpXzTSZ6csw
Marketing & Advertising Automation,Chat File Agent,NEW AI Agent - Chat with YOUR files from Supabase and Google Drive,"This n8n workflow demonstrates an AI agent that interacts with files stored in Google Drive and Supabase. It details the process of uploading files, setting up Supabase tables via SQL, parsing content with YamaParse, and storing vectorized data for subsequent AI querying using OpenAI. The system includes duplicate checks, file updates, and webhooks to trigger the AI agent, all built by Mark and Philipp of 5minAI.",5minAI,https://www.youtube.com/watch?v=NB6LhvObiL4,https://drive.google.com/file/d/1Wd0kKcOyL84zjePOUnkJAKZVt5rlQ4pR/view?usp=drive_link,2025-05-15T16:16:03.000Z,https://www.skool.com/5minai/classroom/b4afa5e9?md=be0b70415f374441aab98f31f71e5e09,NB6LhvObiL4
Marketing & Advertising Automation,Website Data Scraper,Scrape ANY Website Automatically with n8n + Apify (Full System Breakdown),"This system automates the extraction of business data from websites such as Google Maps using a no-code workflow that integrates Apify with an automation platform. It demonstrates the use of HTTP requests, dynamic JSON configurations, filters, loops, and array aggregators to scrape, filter, and aggregate data like phone numbers and emails. The workflow also pipes data into Google Sheets for further use, such as in cold email outreach. Created by Jono Catliff, the free blueprint is available for immediate download.",Jono Catliff,https://www.youtube.com/watch?v=PxQwzoPmP3M,https://drive.google.com/file/d/1KUXLIeeWbxR41E43sGWQFwb_w0aLmulE/view?usp=drive_link,2025-05-15T01:17:07.000Z,https://gumroad.com/d/02b6ee592182833be9d06cf8dd060d5e,PxQwzoPmP3M
Marketing & Advertising Automation,Multi-Agent Research,This Multi-Agent system can research ANYTHING (free n8n template),"Rory Ridgers presents a sophisticated multi-agent research system built with a workflow platform. This system delegates tasks across specialized AI agents powered by GPT-4 mini and integrated memory nodes. It handles market, company, and social media research by leveraging HTTP requests, Tavly API for advanced searches, and dedicated workflows for scraping and data conversion. The solution also uses Appify for LinkedIn and Instagram profile data extraction. Free templates are provided to get started immediately.",Rory Ridgers,https://www.youtube.com/watch?v=ciogxooQelQ,https://drive.google.com/file/d/19csBF7f40IvE-Q0KQSqCul2JjgHLoZ9H/view?usp=drive_link  https://drive.google.com/file/d/1xD6RrWEkAynJo3Ci9UpLocep7o4hMtGl/view?usp=drive_link  https://drive.google.com/file/d/1CmJykI1mb04Mk33-bS0aPWleIUOZo49G/view?usp=drive_link  https://drive.google.com/file/d/1VFzm_9-xTxNnzlptbosBKSJ4fLbrGoaW/view?usp=drive_link  https://drive.google.com/file/d/14p9y2B0KnOFJqnMWdkFmzZEJFZc2hWdk/view?usp=drive_link  https://drive.google.com/file/d/1PN61vp11bwnwVetjn7W1jiAeJyCvtHUw/view?usp=drive_link  https://drive.google.com/file/d/1FLTlUWdrBHZT397R_627Tmz9zfzPfaK3/view?usp=drive_link  https://drive.google.com/file/d/1cCXjoIt3Q3HNhJBYhblMihm1_JYDaXEL/view?usp=drive_link,2025-05-12T11:01:00.000Z,https://commonous.com/templates/cd2770ff-9372-48f8-8403-9c11cbf660cf,ciogxooQelQ
Marketing & Advertising Automation,AI Agent Blueprint,Give Me 28 Minutes and I'll Completely Change the Way You Build AI Agents,"Cole Medin demonstrates a comprehensive AI agent system using a free n8n workflow template. The blueprint divides the agent into 7 key nodes—LLM, tool, control, memory, guardrail, fallback, and user input—arranged as an interdependent graph. This system handles dynamic reasoning, error fallback, and human-in-loop approvals, while integrating external services like BrightData and AirTable for real-time data access. It offers a robust, modular approach to automating complex AI tasks.",Cole Medin,https://www.youtube.com/watch?v=TV8SyEuSMIA,https://drive.google.com/file/d/1fzLIcpW45xlkY6zVpDcs4Qk8wGPEWGF0/view?usp=drive_link  https://drive.google.com/file/d/1op5NDt8lE19Y_q1I_8226a72EkPwgBuN/view?usp=drive_link ,2025-05-12T00:00:33.000Z,https://github.com/brightdata/brightdata-mcp,TV8SyEuSMIA
Marketing & Advertising Automation,Faceless Shorts Workflow,This AI System Creates & Posts Faceless Shorts 24/7 (free n8n template),"This system automates the creation, rendering, and posting of AI-generated faceless shorts across YouTube, Instagram, and TikTok. It features AI agent prompt generation for scene creation, image processing via PI API, video assembly with Creatomate, data handling through Google Sheets, and scheduling via Blotato. Developed using n8n, Nate Herk provides a free template within his Skool community to get you started.",Nate Herk | AI Automation,https://www.youtube.com/watch?v=jkEEVYFzT1U,https://drive.google.com/file/d/1XwPsOnmdx-ZJ1whhRBrCzuPIx2KwOIjK/view?usp=drive_link,2025-05-11T14:30:19.000Z,https://www.skool.com/ai-automation-society/new-video-i-built-a-viral-shorts-machine-for-075-using-ai,jkEEVYFzT1U
Marketing & Advertising Automation,API Agents Workflow,APIs for AI Agents: The Only Beginner's Guide You'll Ever Need (n8n),"In this video, Nate Herk demonstrates how to build an AI agent workflow inside a no-code automation platform by integrating external APIs via HTTP requests. The tutorial explains in detail how to set up native integrations and manually configure HTTP requests using curl commands, JSON body parameters, and header authentication. It covers integration with services like Open Weather Map, Perplexity, and Tavi, clarifying error responses and best practices. Free resources for setting up this system are provided via his free community.",Nate Herk | AI Automation,https://www.youtube.com/watch?v=qZkX_gIlwsY,https://drive.google.com/file/d/1hXgATSqAxf_J62Qgm0XdkgQAm_jeE_R6/view?usp=drive_link,2025-05-10T14:12:06.000Z,https://www.skool.com/ai-automation-society/new-video-apis-for-ai-agents-the-only-beginners-guide-youll-ever-need-n8n,qZkX_gIlwsY
Marketing & Advertising Automation,24/7 AI Sales Assistant,I Built a 24/7 AI Sales Assistant (Free Download Inside),"This comprehensive workflow by Nolan Harper uses n8n to deliver a 24/7 AI sales assistant tailored for automating lead capture and personalized follow-up. The system integrates Google Sheets for CRM data management, HTTP nodes to invoke the Tavi API for real-time company research, and advanced AI agents (using GPT-4) to generate custom email subjects, persuasive email bodies, and SMS messages. It also leverages testimonial data and filtering techniques for optimal sales engagement. A free template is available via the AI Automation Vault.",Nolan Harper | Ai Automation,https://www.youtube.com/watch?v=1XPu71Hw_ck,https://drive.google.com/file/d/1S9X2BA_VdqYU8WuCV_ScQTlL-7HVLUXm/view?usp=drive_link,2025-05-09T20:58:42.000Z,https://www.skool.com/ai-automation-vault/classroom/69b7bb57?md=859eeb89deab4a05a77de17ee5afe5f9,1XPu71Hw_ck
Marketing & Advertising Automation,Human-In-The-Loop Automation,The Secret to Making AI Agents 100% Reliable - Human in the Loop (n8n),"This system automates a human-in-the-loop workflow for approving AI-generated social media content using a no-code environment. It integrates Telegram as the communication channel, utilizes a content creation agent powered by GPT-4.1 along with Tavly search for real-time research, and employs dynamic set nodes for iterative revisions. Built by Nate Herk, the system supports both yes/no approvals and free-text feedback for revisions. A free template to replicate this workflow is available in his Skool community.",Nate Herk | AI Automation,https://www.youtube.com/watch?v=CdnR-fNVPKI,https://drive.google.com/file/d/1f5W6h6lIphgulyZwwcuhKqSQzFCtE0P8/view?usp=drive_link,2025-05-08T23:59:04.000Z,https://www.skool.com/ai-automation-society/new-video-the-secret-to-making-ai-agents-100-reliable-in-n8n,CdnR-fNVPKI
Marketing & Advertising Automation,Contextual RAG,The EASIEST Possible Strategy for Accurate RAG (Step by Step Guide),"Cole Medin's workflow showcases a robust RAG system enhanced with contextual retrieval. The system uses Google Drive triggers, custom JavaScript for text chunking, and an additional LLM call (using cost‐efficient models like GPT 4.1 nano with prompt caching) to prepend context to each chunk. Embedded in a Neon serverless Postgres (or similar vector database), this design improves document retrieval accuracy for AI agents. The free template is available via GitHub.",Cole Medin,https://www.youtube.com/watch?v=z_LGan-t2Mo,https://drive.google.com/file/d/1Reoo3rAtAujEFVusHNbReSVE67CZuoFq/view?usp=drive_link  https://drive.google.com/file/d/1nGKHGNI94SkBdY5iS0zI4V1WfYAqfpRK/view?usp=drive_link  https://drive.google.com/file/d/1oy8QHnbYx8IkBXuyf1F3LvmYlREm_yYA/view?usp=drive_link  https://drive.google.com/file/d/1yebfm_KFgJnCctuT4hyq3G4EZ_qXFQkq/view?usp=drive_link ,2025-05-08T00:00:55.000Z,https://github.com/neondatabase-labs/mcp-server-neon,z_LGan-t2Mo
Marketing & Advertising Automation,LinkedIn Lead Automation,Hijack Viral LinkedIn Posts (No Cold DMs),"This system automates LinkedIn lead generation using a no‑code workflow that scrapes comments from viral posts and enriches contact data in Airtable. It incorporates API scrapers to fetch post details and profile information, applies LLM-based qualification for lead intent, and generates personalized DMs. Built entirely in an n8n framework by MagicOps AI, the system streamlines high intent lead capture, ensuring efficient and tailored outreach.",MagicOps AI,https://www.youtube.com/watch?v=JftnNwvagKA,https://drive.google.com/file/d/1eg3xhPiyj_95ipMDgf4om9T-HWMysO18/view?usp=drive_link,2025-05-06T13:15:03.000Z,https://gumroad.com/d/d8fbd1284e4b751321ec79c716ae45d8,JftnNwvagKA
Marketing & Advertising Automation,AI Content Idea Generator,"1,200+ Content Ideas Per Day with AI (Free Template)","This workflow automates content ideation by scraping YouTube comments via an HTTP request to an Appify actor, then processing them with AI nodes using OpenAI models. It filters and extracts comments containing content ideas, performs real-time research via a Tavi integration, and finally updates the results in Google Sheets. Built entirely in n8n with robust JSON data handling and API integrations, this free template is created by Nolan Harper.",Nolan Harper | Ai Automation,https://www.youtube.com/watch?v=Xno2IGHfSDo,https://drive.google.com/file/d/1bLDkLPbiK11yjYvcUWxLTVGZZyiHg2gM/view?usp=drive_link,2025-05-05T16:00:59.000Z,https://www.skool.com/ai-automation-vault/classroom/69b7bb57?md=90be61bf22fb45479c8f8350ab758572,Xno2IGHfSDo
Marketing & Advertising Automation,Deep Cold Email Outreach,I Deep-Personalized 1000+ Cold Emails Using THIS AI System (FREE TEMPLATE),"In this video, Nick Saraev demonstrates a comprehensive workflow that automates the personalization and sending of 1000+ cold emails using a free AI system built in n8n. The setup integrates tools like Apollo for lead data, Apify for scraping, Instantly for email delivery, and Google Sheets for data management. It employs HTTP requests, HTML extraction, markdown conversion, and OpenAI's GPT-4.1 to generate highly tailored icebreakers, making it an end-to-end, robust cold email automation system.",Nick Saraev,https://www.youtube.com/watch?v=oAWe5wFwHlo,https://drive.google.com/file/d/1mEJe6n3ohryVRm58sCBqfO5kyh-r49fb/view?usp=drive_link,2025-05-05T07:11:46.000Z,https://leftclicker.gumroad.com/l/jdvzm,oAWe5wFwHlo
Marketing & Advertising Automation,Marketing Automation Agent,This marketing agent automates EVERYTHING (free n8n template),"Rory Ridgers presents a free template for a marketing automation AI agent built in n8n. This workflow scrapes Google via Tavi and Instagram via Ampify to gather current social media and news data. Multiple LLM agents are used to summarize content, plan blog posts and social media updates, generate images through a GPT image generation API, and update results to Google Sheets and Google Drive. The system also includes integration with a custom web hook interface via Commonous Agents.",Rory Ridgers,https://www.youtube.com/watch?v=7TUPVDIcD3k,https://drive.google.com/file/d/1pLK1tuB8EOPLEeGIshFrlXGJFffduwVx/view?usp=drive_link,2025-05-04T20:36:54.000Z,https://commonous.com/templates/403904d2-4984-4636-a53d-1caf829f5082,7TUPVDIcD3k
Marketing & Advertising Automation,Agent Tracking System,How I Auto Track AI Agent Actions and Token Usage (n8n tutorial),"This system provides a comprehensive workflow to track AI agent actions and token usage within an n8n setup. The tutorial details how to log initial inputs, intermediate steps, API calls, tool integrations (such as sending emails, retrieving contacts), and error handling into a Google Sheet using JavaScript nodes. Creator Nate Herk explains both the success and error branches, detailing cost calculations and observability, and offers a free downloadable JSON template via his Skool community.",Nate Herk | AI Automation,https://www.youtube.com/watch?v=vVdS-ZEFf50,https://drive.google.com/file/d/10WibhA7rvZoFvyS3ywOK9xy9dRJvXK_p/view?usp=drive_link,2025-05-03T18:51:28.000Z,https://www.skool.com/ai-automation-society/new-video-how-i-auto-track-ai-agent-actions-and-token-usage-n8n-tutorial,vVdS-ZEFf50
Marketing & Advertising Automation,Carousel & Slides Automation,This n8n AI Agent will AUTOMATE your Carousels and Slideshows 🍄,"This system automates the creation and posting of carousels and slideshows for various social media platforms. It uses a fully configured workflow in n8n, featuring an AI agent powered by ChatGPT for generating quotes and image prompts, and integrates with the Blotato API to generate and publish content. The automation supports scheduling, structured output parsing, and multi-platform publishing including Instagram, TikTok, Twitter, and more. Creator Sabrina Ramonov offers a free template for direct import.",Sabrina Ramonov 🍄,https://www.youtube.com/watch?v=Ev3xBsldyBk,https://drive.google.com/file/d/1ScC7DzKkVN8nLUzBuf7gNedagumbCXne/view?usp=drive_link,2025-05-03T18:10:35.000Z,https://www.sabrina.dev/p/this-ai-agent-automates-slideshows-and-carousels,Ev3xBsldyBk
Marketing & Advertising Automation,Proposal Generator,My $27K/m Ai Proposal System in n8n (Free Template),"In this video, Nolan Harper demonstrates a comprehensive AI-driven proposal generator system. The workflow automates the creation of personalized sales proposals by using form triggers (via JotForm), Google Drive for template management and file conversion, and OpenAI for transcribing sales call recordings and generating dynamic content. The system integrates multiple nodes in n8n to seamlessly pull data, update documents, and send PDF proposals, all available with a free template.",Nolan Harper | Ai Automation,https://www.youtube.com/watch?v=FTaTMj0u0II,https://drive.google.com/file/d/1RFt5KLTFdzjIuhCWJ3SsxVMFNYK2Voi5/view?usp=drive_link,2025-05-02T17:25:04.000Z,https://www.skool.com/ai-automation-vault/classroom/69b7bb57?md=157ad4e2cb374a40b6985ebd9b0973a4,FTaTMj0u0II
Marketing & Advertising Automation,Google Map Scraper,Scrape Unlimited Leads WITHOUT Paying for APIs (99% FREE),"This system scrapes email leads from Google Maps using a free n8n workflow. It leverages HTTP request nodes for fetching Google Maps search results, custom JavaScript with regex (reax) for parsing URLs and emails, and filtering nodes to remove unwanted domains and duplicates. The workflow also integrates loop and wait nodes to manage rate limits and extracts data from Google Sheets. Built by Nick Saraev, it provides a comprehensive, automated lead scraping solution.",Nick Saraev,https://www.youtube.com/watch?v=OroDNJl-pyc,https://drive.google.com/file/d/1Kxsl2-sbZGKPqY_X2nluN6aujuTqbcux/view?usp=drive_link,2025-05-01T03:13:25.000Z,https://gumroad.com/d/8da9e170307de246b96a0eec93ccba6d,OroDNJl-pyc
Marketing & Advertising Automation,Dynamic AI Agent Workflow,"This AI Agent Picks Its Own Brain (10x Cheaper, n8n)","Created by Nate Herk, this no-code system uses a Slack trigger to dynamically select the best large language model based on user input. The workflow routes tasks to free or cost-effective models (e.g., Gemini 2.0 Flash, GPT 4.1 Mini, Claude 3.7 Sonnet) via OpenRouter. It integrates logging with Google Sheets and employs Superbase for RAG-based document querying, optimizing performance and cost. Free template resources are available through the Skool community.",Nate Herk | AI Automation,https://www.youtube.com/watch?v=gwCQF--cARA,https://drive.google.com/file/d/1bI39O_RM8Kq7F0zfWALQdW6DjITh6m3w/view?usp=drive_link,2025-04-30T18:54:47.000Z,https://www.skool.com/ai-automation-society/new-video-this-ai-agent-picks-its-own-brain-10x-cheaper,gwCQF--cARA
Marketing & Advertising Automation,LeadGen Outreach,Automate Lead Generation and Email Personalization in Minutes with n8n! (Free Template),"This workflow automates lead generation and personalized email outreach in a two-step process. It sources leads from Apollo via an HTTP actor (using Epifi) and filters, deduplicates, and maps data into Google Sheets before passing it to an AI agent powered by OpenAI for personalized email drafting. A schedule trigger controls email dispatch limits. Created by Mahmut Kasimoglu | AI Automation, the free template is available via his Skool community.",Mahmut Kasimoglu | AI Automation,https://www.youtube.com/watch?v=ZD2DlnuqCrA,https://drive.google.com/file/d/1ENxEyIhlHwtUCq5zyrCw6lDTFjksFlcz/view?usp=drive_link,2025-04-28T19:48:04.000Z,https://www.skool.com/business-ai-alliance/video-on-lead-generation-with-personalized-email-outreach-is-out,ZD2DlnuqCrA
Marketing & Advertising Automation,Product Videography,How I Automated Product Videography with AI (Step by Step n8n Tutorial),"This workflow automates product videography by capturing a product photo, title, description and email via a form trigger. The system uploads the image to Google Drive, then uses an AI agent (via OpenRouter with GPT-4.1) to generate a text image prompt. It processes the image with OpenAI's image edit API, converts the result and hosts it on ImageBB, and finally, uses the Runway API to generate a 10-second video before sending the outputs via Gmail. Created and demonstrated by Nate Herk, free template resources are available in his Skool community.",Nate Herk | AI Automation,https://www.youtube.com/watch?v=qV7xOEKEBDA,https://drive.google.com/file/d/1jtRDbCceuf1h6J52kU7lZJS8q1LKHusP/view?usp=drive_link,2025-04-28T18:56:18.000Z,https://www.skool.com/ai-automation-society/new-video-from-raw-photo-to-studio-ready-video-in-minutes-step-by-step-n8n-tutorial,qV7xOEKEBDA
Marketing & Advertising Automation,Cold Email Automation,"AI System Writes 10,000+ Personalized Cold Emails (Free Template)","This system is a no-code AI automation workflow for personalized cold email outreach. It scrapes prospect data using an Apollo integration, processes the data with HTTP and Google Sheets nodes, and employs an AI agent (via ChatGPT) to generate custom, human-like email icebreakers. The automation then sends the enriched leads into a cold email campaign using Instantly. Created by Nolan Harper, the template is available for free in his AI Automation Vault.",Nolan Harper | Ai Automation,https://www.youtube.com/watch?v=2Utdn12JSK4,https://drive.google.com/file/d/1SzkKEMV6mdMLltG_ZA7W0lT2lng7pszn/view?usp=drive_link,2025-04-28T17:18:16.000Z,https://www.skool.com/ai-automation-vault/classroom/69b7bb57?md=fc95cbb6156341fdb6508690124850c4,2Utdn12JSK4
Technical Infrastructure & DevOps,Lovable Web App Builder,This Lovable + n8n Hack Builds Web Apps FOR You In Minutes (No Coding),"This workflow leverages Lovable's natural language coding tool integrated within an n8n automation to create custom web applications in minutes. The system uses webhook triggers, HTML scraping for website content cleanup, and API calls like Dolly3 for image generation and OpenAI for text creation. User inputs such as company name, industry, and website URL are processed to dynamically generate tailored social media posts. The free blueprint template, provided by creator Jono Catliff, allows users to import and run the complete workflow immediately.",Jono Catliff,https://www.youtube.com/watch?v=i08K-l8pjfs,https://drive.google.com/file/d/1g1By_B5MBr1R7KDdHvN4NHAaf9Ysmi8g/view?usp=drive_link,2025-04-28T17:05:23.000Z,https://gumroad.com/d/8d04a4f048918ecb4294f34839851686,i08K-l8pjfs
Marketing & Advertising Automation,Marketing AI Team,I Built a Marketing Team with 1 AI Agent and No Code (free n8n template),"This system builds an all-in-one AI marketing team using no-code automation. The workflow integrates multiple AI agents that create and edit images, generate LinkedIn posts, blog articles, and video content automatically via a Telegram interface. It leverages OpenAI's image and editing endpoints, Google Drive and Sheets for logging, external APIs like Runway and CreativeMate for video rendering, and Flux image generation via HTTP requests. Created by Nate Herk, the video provides a free template through a Skool community resource.",Nate Herk | AI Automation,https://www.youtube.com/watch?v=ldETapkr8Hg,https://drive.google.com/file/d/1a9FskKLV_AgxUNPgb_CUOLKke97Ox3Sx/view?usp=drive_link https://drive.google.com/file/d/1WEWSJJZmMCg_Ii4U2I0fO-2xJwil_bVL/view?usp=drive_link https://drive.google.com/file/d/171-HNdf_RkGeVTZQppEANBzjRT8f42Ij/view?usp=drive_link https://drive.google.com/file/d/152aOdjNfmL--KpXTFj1m5Bw-mQkLI8N3/view?usp=drive_link https://drive.google.com/file/d/1yT36iHGZKk0mYLVvLnEgFDE87Tcr3Ore/view?usp=drive_link https://drive.google.com/file/d/1dN1KqlBJZsps_ww5sH2oSvl420AtjYY7/view?usp=drive_link https://drive.google.com/file/d/11OdlUx1lpDR57BFgWKRl0Nq795Au7f4b/view?usp=drive_link,2025-04-26T19:39:40.000Z,https://www.skool.com/ai-automation-society/new-video-i-built-a-marketing-team-with-one-ai-agent-and-no-code-free-n8n-template,ldETapkr8Hg
Content Creation & Video Automation,Faceless Video AI,This EASY AI Agent System Creates Faceless Videos on Auto Pilot! (Free n8n and Make templates 🍄),"This system automates the creation and publishing of faceless videos via an AI agent workflow. It uses an initial node to brainstorm and write video scripts, then calls a unified API to generate AI videos with voiceovers, images, and animations. The workflow further includes steps for video rendering and publishing on social media. Developed by Sabrina Ramonov, this free template integrates various AI and API services for seamless content automation.",Sabrina Ramonov 🍄,https://www.youtube.com/watch?v=0qf0blCB4Mc,https://drive.google.com/file/d/1OcC7yl7UGsEJbK2Sty0GiNxKAX0jlJX4/view?usp=drive_link  https://drive.google.com/file/d/1q6rJa6kudBtTTxeZKfwRT_F2PcTHGONa/view?usp=drive_link,2025-04-26T16:34:07.000Z,https://www.sabrina.dev/p/easy-ai-system-creates-faceless-videos-on-auto-pilot,0qf0blCB4Mc
Design & Creative Automation,Image Creation and Editing System,This n8n Agent Creates & Edits Images with OpenAI's New Image API,"This system is a complete workflow built in n8n that integrates with OpenAI's new Image API for generating and editing images via natural language prompts. It includes three subflows: one to create images using models like gpt-image-1 (with support for Dolly 2 and Dolly 3), one to edit images by referencing existing assets, and one to log details in Google Sheets. The automation features an AI agent that smartly routes commands based on context and converts images to Base64 for Google Drive storage. Created by Mark Kashef, it offers a free downloadable template for immediate use.",Mark Kashef,https://www.youtube.com/watch?v=YqEtFVAV7M8,https://drive.google.com/file/d/1-J4bR_Xx6v_eBNqLV9-dEMNf4b9qz1p2/view?usp=drive_link  https://drive.google.com/file/d/1ZPOll5ZvYVvir_84JZSaSDtWwi6nn0zr/view?usp=drive_link  https://drive.google.com/file/d/1-3_hYyaIYBZPDdLkaTVVTM4-H4Yg75ll/view?usp=drive_link  https://drive.google.com/file/d/1P1fq0hB2v2156GqlX7DEevxXkrvDOaff/view?usp=drive_link,2025-04-25T18:03:51.000Z,https://gumroad.com/d/76e31aa9467fb157c2bb4beac61d41f4,YqEtFVAV7M8
Content Creation & Video Automation,Viral Shorts Automation,I Built an AI SYSTEM For Viral Faceless Shorts (n8n),"This system is a fully automated AI pipeline designed to create viral faceless shorts. It uses scheduled triggers to pull data from Google Sheets, generate fresh content ideas through chat-based AI, and produce visuals with PI API (16:9 aspect ratio). Videos are created via runway ML (using gen3/4 models), merged with CreateTomate, and finally published on YouTube through Google Cloud's API integrations. Developed by Oleg Melnikov, the workflow is available as a free template.",Oleg Melnikov,https://www.youtube.com/watch?v=oMcLgseGER0,https://drive.google.com/file/d/1tKfWJp_sYJkF-evhwWfJ8PZtgKIKBfqV/view?usp=drive_link,2025-04-25T12:48:27.000Z,https://docs.google.com/document/d/1DYlu0RbaUv-bvBDkUZSdHDhDdrltJ6gShdIwEZwrdbc/edit?tab=t.0,oMcLgseGER0
AI Agent Development,ChatGPT Automation System,This ChatGPT SECRET Automates Nearly Everything (connect 10K+ apps with n8n),"This system integrates ChatGPT with a multi-app workflow to automate tasks such as call scheduling, invoice processing, and spreadsheet updates. It leverages free blueprints that guide users through setting up custom webhook triggers, API integrations, and a custom GPT generator. Key components include HTTP GET/POST methods, Google Sheets, and third-party API interactions, demonstrated by creator Jono Catliff.",Jono Catliff,https://www.youtube.com/watch?v=YcDLVPYIRSA,https://drive.google.com/file/d/1u7pLhTuXyh_wVFpzNMyj5n3JVEgN9lF8/view?usp=drive_link,2025-04-25T00:27:19.000Z,https://gumroad.com/d/57836896cd1d287ad408de27f74346a6,YcDLVPYIRSA
Design & Creative Automation,AI Image Automation,Use OpenAI's NEW Image Generation API with n8n to create stunning images (Step by Step Tutorial),"MagicOps AI demonstrates a workflow that connects OpenAI's new image generation API with an automation platform to create stunning visuals. The system uses HTTP request nodes to call the API, processes Base64 strings to convert images to files, and integrates Google Drive for storage. It supports both text-to-image and image-to-image transformations for generating recipe images and enhancing product photos. Free template available via Gumroad.",MagicOps AI,https://www.youtube.com/watch?v=SAUxo5fcLMs,https://drive.google.com/file/d/1t4D_qE2hlc-ao6Fi0U2Zo1L3UvLwWgA8/view?usp=drive_link,2025-04-24T13:00:31.000Z,https://gumroad.com/d/1c9cc62b035887723dd7143fa759e4d3,SAUxo5fcLMs
Business Process Automation,Customer Support Automation,Build a No-Code AI Customer Support System That ACTUALLY Works,"This video details a comprehensive no-code automation system for customer support built using n8n. The workflow integrates community posting (using Circle), a ticketing dashboard via Airtable, and an AI agent that leverages a search tool and perplexity API to provide tailored responses. The system automatically creates, updates, and resolves support tickets, ensuring efficient status tracking. Developed by Ben AI, it features HTTP webhooks, API calls, manual mapping, and automated status updates for real-time support.",Ben AI,https://www.youtube.com/watch?v=mJwZPK2A7cM,https://drive.google.com/file/d/1VVhH-po9vp3OWewlxNAuCNWnAZQD1Dmi/view?usp=drive_link,2025-04-24T05:32:46.000Z,https://bens-ai.circle.so/c/freebie-resources/ai-customer-support-ticketing-system,mJwZPK2A7cM
Design & Creative Automation,LinkedIn Visual Automation,"OpenAI's Image API Just Changed the Game (save 10+ hours/week, n8n tutorial)","In this workflow, Nate Herk demonstrates a comprehensive AI automation system for marketing on LinkedIn. The process begins with a form submission gathering email, post topic, and target audience, and then uses two AI agents: one to generate a research-backed post and another to convert it into a dynamic image prompt. The system integrates the OpenAI Image Generation API, Tavi for web search, and HTTP request tools for API calls along with binary conversion. A free template is available via his Skool community.",Nate Herk | AI Automation,https://www.youtube.com/watch?v=ACkHpQQnfxQ,https://drive.google.com/file/d/1dbB79dIiKGkotbZcPNVk4pNPoczN_vnj/view?usp=drive_link,2025-04-23T23:56:03.000Z,https://www.skool.com/ai-automation-society/new-video-openais-image-api-just-changed-the-game-save-10-hoursweek,ACkHpQQnfxQ
Business Process Automation,Job Search Automation,Automate Your Job Search With LinkedIn & n8n,"This n8n workflow automates the entire job application process on LinkedIn. It creates a custom RSS feed to pull job listings, extracts job details via HTTP requests, and employs OpenAI (using GPT models) to rate job fit and generate tailored cover letters. The workflow also updates a Google Sheet to deduplicate and store job data. Created by Jono Catliff, the system is delivered with a free blueprint template on Gumroad.",Jono Catliff,https://www.youtube.com/watch?v=dYNFqM84pSI,https://drive.google.com/file/d/1wwXndI5OydELz4rpFW4V_-Tax-y3mmir/view?usp=drive_link,2025-04-23T13:00:03.000Z,https://gumroad.com/d/6586a9922ec798c3f4ce37e03c746c8e,dYNFqM84pSI
Business Process Automation,Inbox Automation,Automate Your Inbox With n8n (No Code),"This video by Nolan Harper from the AI Automation Vault details a no-code workflow to automate email management. The system uses a Gmail trigger to monitor incoming mails, a text classifier to route emails into categories like promotions, internal, customer support, and sales, and integrates OpenAI models for drafting AI responses. It also leverages Slack for notifications and uses a free template available via the AI Automation Vault for seamless replication.",Nolan Harper | Ai Automation,https://www.youtube.com/watch?v=UDXDcFwAPQU,https://drive.google.com/file/d/17OYXI08wdcgIWDf-WqJ_v-V9AHRqBMrP/view?usp=drive_link,2025-04-21T17:00:38.000Z,https://www.skool.com/ai-automation-vault/classroom/69b7bb57?md=cd5a5ed32cbd4dda828fd2cd8c32637b,UDXDcFwAPQU
Technical Infrastructure & DevOps,Error Logger Workflow,One n8n Workflow for Unlimited Error Handling (Step-by-Step),"In this detailed video tutorial, Nate Herk from AI Automation demonstrates a precise error logging system built within n8n. The workflow uses a global error trigger that funnels errors from various active workflows into a dedicated error logger, which appends data like timestamps, workflow names, workflow URLs, node names, and error messages into a Google Sheet. It also sets up notifications via Slack and other channels. The free Google Sheet template is available by joining Nate Herk's Skool community.",Nate Herk | AI Automation,https://www.youtube.com/watch?v=bTF3tACqPRU,https://drive.google.com/file/d/1_EF3ESE9zRSrFNVgMwhMcTm23JwYzWLW/view?usp=drive_link,2025-04-20T16:52:54.000Z,https://www.skool.com/ai-automation-society/new-video-set-up-error-handling-in-9-minutes-in-n8n-step-by-step,bTF3tACqPRU
AI Agent Development,Think Tool Agent,n8n Just Dropped a Game-Changing Tool for AI Agents — Inspired by Anthropic!,"This video by Mahmut Kasimoglu explains a dedicated workflow that leverages the new Think tool – a scratchpad feature inspired by Anthropic – to enhance AI agent reasoning in multi-step processes. The system integrates a personal assistant agent that simulates tools such as email, calendar, CRM, and Slack, and employs tailored prompts and system instructions to improve execution reliability and planning. The workflow is available as a free JSON template in the free Skool community.",Mahmut Kasimoglu | AI Automation,https://www.youtube.com/watch?v=MPyQWs8dOpI,https://drive.google.com/file/d/1SNpBbNphUAmjSJRDEdJ-YO_VTkoMGJ2A/view?usp=drive_link,2025-04-19T17:23:22.000Z,https://www.skool.com/business-ai-alliance/video-on-n8ns-new-think-tool-for-ai-agents-is-out,MPyQWs8dOpI
Marketing & Advertising Automation,Meta Ad Automation,How we Automated a Meta Ad Agency with AI,"Ben AI demonstrates a comprehensive automation workflow for a meta ad agency that streamlines product research, ad angle creation, script generation, and performance tracking. The system integrates Airtable, the Facebook Graph API, Scrapfly web scraping, and AI services such as Perplexity and Google Gemini 2.5 Pro. Using webhooks and multi-phase processing in n8n, it optimizes ad campaigns by analyzing ROI, making it a powerful, fully automated solution. Template provided by Ben AI.",Ben AI,https://www.youtube.com/watch?v=Rm3ObJXsuOI,https://drive.google.com/file/d/1mkQLWY1YS59RNuFR7Q8d-GKwk34FlwQz/view?usp=drive_link,2025-04-19T06:21:26.000Z,https://bens-ai.circle.so/c/freebie-resources/inbound-sales-agent-wa-insta-fb-m-12c376,Rm3ObJXsuOI
Business Process Automation,Automated Hiring Workflow,How I Automated the Entire Hiring Process with n8n,"This system automates the entire hiring process by integrating email triggers from Indeed with Gmail, Google Sheets, and cal.com. It leverages an OpenAI agent to extract job titles from unstructured email subjects and uses custom Google Apps Script to sync candidate data while dynamically routing stages—from initial application and onboarding to screening, testing, and interview scheduling. Created by Jono Catliff, this workflow blueprint is provided as a free template.",Jono Catliff,https://www.youtube.com/watch?v=dBTrOcWkYM0,https://drive.google.com/file/d/1qm916r1TGLBihsGOGJRMx_asQVyiKprd/view?usp=drive_link,2025-04-18T23:40:40.000Z,https://gumroad.com/d/dd1eec54f82896ea873452948ed14498,dBTrOcWkYM0
Business Process Automation,Email & Complaint Automation,Don't Build Another AI Agent Until You Understand This: AI Agents vs AI Workflows ~ n8n,"In this video, Mahmut Kasimoglu demonstrates two specific n8n systems built for automation: an email labeling system and a complaint ticket processing system. Both systems show a direct comparison between an AI agent approach and an AI workflow approach. The email system uses a Gmail trigger, LLM-based classification, tool calls to get label IDs, label emails, and send notifications, while the complaint system integrates Google Sheets and email notifications. A free template for these workflows is available via his Skool community.",Mahmut Kasimoglu | AI Automation,https://www.youtube.com/watch?v=nQbd56j_dZ0,https://drive.google.com/file/d/1TDMcJcOcdzCXNFv-_T-CBNzLWli14SDD/view?usp=drive_link,2025-04-18T20:21:05.000Z,https://www.skool.com/business-ai-alliance/dont-build-another-ai-agent-until-you-understand-this-ai-agents-vs-ai-workflows-n8n,nQbd56j_dZ0
Technical Infrastructure & DevOps,MCP Integration,n8n Just Released MCP - Is It The Future of AI & No Code?,"This video demonstrates a complete MCP integration workflow that leverages a dual-flow setup with an MCP client and MCP server trigger. The system enables communication between AI agents (like Claude and OpenAI) and external tools (Google Sheets, Google Calendar) via SSE endpoints, tool discovery, and auto-generated schemas. The blueprint and free template allow users to import a ready-made automation for AI-driven tasks. Creator: Jono Catliff.",Jono Catliff,https://www.youtube.com/watch?v=Nw0v1-24x5w,https://drive.google.com/file/d/1a32FZaRDmUr8f8ah63rpl2z0cn0atbTn/view?usp=drive_link  https://drive.google.com/file/d/1PtaM-y2dzyD2JzhTecr9hNI0Q1QtwXV_/view?usp=drive_link,2025-04-18T00:39:56.000Z,https://gumroad.com/d/4a819aa5,Nw0v1-24x5w
AI Agent Development,AI Think Agent System,n8n Just Leveled Up AI Agents (Anthropic's Think Method),"In this video, Nate Herk demonstrates an AI agent workflow that leverages a new Think Tool inspired by Anthropic's structured reasoning approach. The system integrates multiple agents—including contact, email, calendar, and web search tools—to execute multi-step tasks such as scheduling events, sending notifications, and fetching quotes. It highlights advanced LLM integrations (e.g., GPT 4.1 and Claude 3.5) and tool output analysis for sequential decision-making with in-built validation steps. The free template is available via the Skool community.",Nate Herk | AI Automation,https://www.youtube.com/watch?v=WqyLxyALTt0,https://drive.google.com/file/d/1zCMh9PYMXoWbEntB6Oq00IlMgmZQ6B2Z/view?usp=drive_link,2025-04-17T01:24:11.000Z,https://www.skool.com/ai-automation-society/new-video-n8n-just-leveled-up-ai-agents-anthropics-think-method,WqyLxyALTt0
AI Agent Development,WhatsApp AI Agent,How to add AI Agents to WhatsApp using n8n (Step-by-Step Guide),"This video presents a comprehensive WhatsApp AI agent workflow built entirely using n8n. The system integrates the WhatsApp Business Cloud API with Meta Developer platform setup, leveraging OpenAI for voice transcription, image analysis, and natural language processing. It handles text, image, and audio inputs with custom routing using switch nodes, and includes features like conversation memory and real-time web search. The creator, Leon van Zyl, also offers a free downloadable workflow template via GitHub.",Leon van Zyl,https://www.youtube.com/watch?v=LekI91ISf_8,https://drive.google.com/file/d/1qp0uJFG9h6Ps6mHWqhdIbdweg6gdJKWZ/view?usp=drive_link,2025-04-16T13:57:52.000Z,https://github.com/leonvanzyl/n8n-workflows/tree/main/2025/whatsapp-agent,LekI91ISf_8
Content Creation & Video Automation,Claude MCP Content Automation,"Automate Anything With Claude MCP Workflows, Here's how:","Ben AI demonstrates a robust automation system that integrates Claude MCP workflows with n8n for content repurposing. The system uses cloud triggers to orchestrate a series of tools: YouTube transcription, fine-tuned LinkedIn post generation, dynamic image creation via external APIs, and Air Table/Webflow updates. The workflow is designed for social media and blog content automation with human-in-loop iterations, offering a detailed, step-by-step solution. Free template available.",Ben AI,https://www.youtube.com/watch?v=_je0FbUcFkg,https://drive.google.com/file/d/1gow-LHalspkMCuQCI7xp580C4LbTThbx/view?usp=drive_link  https://drive.google.com/file/d/1uqYk4jyWDpcSeUbeWO0JnqYEnvqeDQs8/view?usp=drive_link  https://drive.google.com/file/d/1OBNRFIscIzI16NscMGZk259fYCXbOmZ5/view?usp=drive_link,2025-04-16T07:41:58.000Z,https://bens-ai.circle.so/c/freebie-resources/claude-mcp-content-workflows,_je0FbUcFkg
Web Scraping & Data Extraction,Social Media Scraper,Steal This AI Post Scraper (Free n8n Build),"This system automates scraping of posts and video transcripts from multiple social platforms including LinkedIn, Instagram, YouTube, and X. Built entirely in n8n, it integrates HTTP request nodes, AI text classification, and Google Sheets for deduplication and data aggregation. The workflow leverages pre-built Appify scrapers and looping mechanisms for batch processing. Created by Nolan Harper, this free template enables competitor research, content repurposing, and audience insights.",Nolan Harper | Ai Automation,https://www.youtube.com/watch?v=fhxqdoP7ivE,https://drive.google.com/file/d/14m6BvV1jlPb5_Esv_CRCfM9K3bDmCc3M/view?usp=drive_link,2025-04-14T17:00:49.000Z,https://www.skool.com/ai-automation-vault/classroom/69b7bb57?md=9cbd84cbb03b46aa945d79bf4f1cca59,fhxqdoP7ivE
Business Process Automation,Invoice Tracker,Automate Invoice and Expense Tracking with Gemini | BULLETPROOF!,"This system automates invoice and expense tracking by processing receipts through a detailed workflow that integrates file upload via a form trigger, Google Drive for storage, and Gemini AI for file analysis. The flow splits file packages into individual items, leverages HTTP requests to Gemini endpoints for metadata extraction, and uses conditional logic with a switch component to update Google Sheets and send Slack notifications. Built and demonstrated by MagicOps AI, this video provides a free n8n template to get you started.",MagicOps AI,https://www.youtube.com/watch?v=j9_gps_ZZNU,https://drive.google.com/file/d/1uEbC2YozSiDhGH2v_o8LgpLmJGdq1U_Z/view?usp=drive_link,2025-04-14T13:39:13.000Z,https://gumroad.com/d/be044a33a95d52d050ed4f85368d47e3,j9_gps_ZZNU
Web Scraping & Data Extraction,Website Extractor,Turn Any Website Into LLM Ready Data in Seconds with n8n & Firecrawl,"This system transforms any website into LLM-ready data using an n8n workflow integrated with Firecrawl. The workflow demonstrates how to initiate HTTP requests, perform intelligent extraction with a custom prompt, and handle asynchronous status checking with polling. It leverages wildcards to crawl multiple pages, incorporates header-based API key authentication, and uses JSON processing to parse quotes and authors from a target website. Created by Nate Herk | AI Automation, the free template is available via his Skool community.",Nate Herk | AI Automation,https://www.youtube.com/watch?v=Ee9WtEEd300,https://drive.google.com/file/d/1a5dDs4QXa4e7aCt7QErpadewvHBB7Pm_/view?usp=drive_link,2025-04-13T17:12:58.000Z,https://www.skool.com/ai-automation-society/new-video-turn-any-website-into-llm-ready-data-in-seconds-with-n8n-firecrawl,Ee9WtEEd300